{
    "backgroundColor": "#fff",
    "backgroundTextStyle": "dark",
    "navigationBarTitleText": "消息",
    "usingComponents": {
        "message-box": "./messageBox/messageBox",
        "loading-footer": "/pages/discover/components/common/loadingFooter/loadingFooter",
        "custom-navigation-bar": "/frameBase/Component/CustomNavigationBar/CustomNavigationBar/",
        "xng": "/frameBase/components/xng/xng",
        "user-info-authorizer": "/frameBase/components/user-info-authorizer/user-info-authorizer",
        "global-components": "/common/components/global-components/global-components",
        "xng-nav-bar": "/frameBase/Component/XngNavBar/XngNavBar/"
    }
}