{
    "usingComponents": {
        "add-photo": "./components/addPhoto/addPhoto",
        "day-photo": "./components/dayPhoto/dayPhoto",
        "album-photo": "./components/albumPhoto/albumPhoto",
        "tool-bar": "./components/toolBar/toolBar",
        "custom-navigation-bar": "/frameBase/Component/CustomNavigationBar/CustomNavigationBar/",
        "xng": "/frameBase/components/xng/xng",
        "user-info-authorizer": "/frameBase/components/user-info-authorizer/user-info-authorizer",
        "global-components": "/common/components/global-components/global-components",
        "xng-nav-bar": "/frameBase/Component/XngNavBar/XngNavBar/"
    }
}