{
    "navigationBarTitleText": "小年糕+",
    "backgroundColor": "#eeeff4",
    "usingComponents": {
        "customer-service-entry": "/pages/discover/components/common/customer-service-entry/customer-service-entry",
        "album-list-item": "./albumListItem/album-list-item",
        "qr-code-poster": "/frameBase/components/qr-code-poster/qr-code-poster",
        "follow-public-modal": "./follow-public-modal/follow-public-modal",
        "custom-navigation-bar": "/frameBase/Component/CustomNavigationBar/CustomNavigationBar/",
        "xng": "/frameBase/components/xng/xng",
        "user-info-authorizer": "/frameBase/components/user-info-authorizer/user-info-authorizer",
        "global-components": "/common/components/global-components/global-components",
        "xng-nav-bar": "/frameBase/Component/XngNavBar/XngNavBar/"
    }
}