{
  "appid": "wx8c9dcb36981f0178",
  "compileType": "miniprogram",
  "libVersion": "3.7.3",
  "packOptions": {
    "ignore": [],
    "include": []
  },
  "setting": {
    "coverView": true,
    "es6": false,
    "postcss": true,
    "minified": true,
    "enhance": false,
    "showShadowRootInWxmlPanel": true,
    "packNpmRelationList": [],
    "babelSetting": {
      "ignore": [],
      "disablePlugins": [],
      "outputPath": ""
    }
  },
  "condition": {},
  "editorSetting": {
    "tabIndent": "insertSpaces",
    "tabSize": 2
  }
}