{
    "backgroundTextStyle": "dark",
    "navigationBarTitleText": "可能感兴趣的人",
    "usingComponents": {
        "user-list": "../components/common/userList/userList",
        "custom-navigation-bar": "/frameBase/Component/CustomNavigationBar/CustomNavigationBar/",
        "xng": "/frameBase/components/xng/xng",
        "user-info-authorizer": "/frameBase/components/user-info-authorizer/user-info-authorizer",
        "global-components": "/common/components/global-components/global-components",
        "xng-nav-bar": "/frameBase/Component/XngNavBar/XngNavBar/"
    }
}