{
    "backgroundColor": "#ffffff",
    "backgroundTextStyle": "dark",
    "navigationBarTitleText": "小年糕+",
    "navigationBarTextStyle": "white",
    "navigationBarBackgroundColor": "#000000",
    "onReachBottomDistance": 8,
    "usingComponents": {
        "form-id-collector": "/frameBase/Component/formIdCollector/formIdCollector",
        "video-player": "../components/dynamicShare/videoPlayer/videoPlayer",
        "recommend-strengthen-panel": "/pages/community/components/dynamicShare/recommend-strengthen-panel/recommend-strengthen-panel",
        "dynamic": "/pages/discover/components/feed/dynamic/dynamic",
        "dynamic-comment-input": "/pages/discover/components/feed/dynamicCommentInput/dynamicCommentInput",
        "commerce-bar": "../components/dynamicShare/commerceBar/commerceBar",
        "waterfall": "../components/dynamicShare/waterfall/waterfall",
        "interactions": "../components/dynamicShare/interactions/interactions",
        "loading-footer": "/pages/discover/components/common/loadingFooter/loadingFooter",
        "share-action-sheet": "/pages/discover/components/common/shareActionSheet/shareActionSheet",
        "comment-list-modal": "/pages/discover/components/feed/comment/comment/comment",
        "comment-list": "/pages/discover/components/feed/comment/commentList/commentList",
        "article-view": "../components/dynamicShare/articleView/articleView",
        "navigation-bar": "../components/dynamicShare/navigationBar/navigationBar",
        "h5-container": "/pages/community/components/H5Blessing/h5-container/h5-container",
        "mv-video-player": "/pages/community/components/mv-video-player/mv-video-player",
        "same-mv-music-button": "/pages/community/components/dynamicShare/same-mv-music-button/same-mv-music-button",
        "qr-code-poster": "/frameBase/components/qr-code-poster/qr-code-poster",
        "dynamic-share-card-generator": "/common/components/dynamic-share-card-generator/dynamic-share-card-generator",
        "customer-service-entry": "/pages/discover/components/common/customer-service-entry/customer-service-entry",
        "making-view": "../components/dynamicShare/making-view/making-view",
        "custom-navigation-bar": "/frameBase/Component/CustomNavigationBar/CustomNavigationBar/",
        "xng": "/frameBase/components/xng/xng",
        "user-info-authorizer": "/frameBase/components/user-info-authorizer/user-info-authorizer",
        "global-components": "/common/components/global-components/global-components",
        "xng-nav-bar": "/frameBase/Component/XngNavBar/XngNavBar/"
    }
}