{
    "usingComponents": {
        "authorize-view": "/mainPages/produce/components/authorizeView/authorizeView/",
        "start-view": "/mainPages/produce/components/startView/startView/",
        "helper-view": "/mainPages/produce/components/helperView/helperView/",
        "custom-navigation-bar": "/frameBase/Component/CustomNavigationBar/CustomNavigationBar/",
        "xng": "/frameBase/components/xng/xng",
        "user-info-authorizer": "/frameBase/components/user-info-authorizer/user-info-authorizer",
        "global-components": "/common/components/global-components/global-components",
        "xng-nav-bar": "/frameBase/Component/XngNavBar/XngNavBar/"
    }
}