{
    "navigationBarTitleText": "小年糕+",
    "navigationBarBackgroundColor": "#000000",
    "navigationBarTextStyle": "white",
    "usingComponents": {
        "fullscreen-tip-btn": "/mainPages/common/fullscreen-tip-btn/fullscreen-tip-btn",
        "dynamic-share-card-generator": "/common/components/dynamic-share-card-generator/dynamic-share-card-generator",
        "customer-service-entry": "/pages/discover/components/common/customer-service-entry/customer-service-entry",
        "custom-navigation-bar": "/frameBase/Component/CustomNavigationBar/CustomNavigationBar/",
        "xng": "/frameBase/components/xng/xng",
        "user-info-authorizer": "/frameBase/components/user-info-authorizer/user-info-authorizer",
        "global-components": "/common/components/global-components/global-components",
        "xng-nav-bar": "/frameBase/Component/XngNavBar/XngNavBar/"
    }
}