{
    "navigationBarTitleText": "视频剪辑",
    "usingComponents": {
        "video-item-view": "/pages/specialPlay/spliceVideosPage/videoItemView/videoItemView",
        "custom-navigation-bar": "/frameBase/Component/CustomNavigationBar/CustomNavigationBar/",
        "xng": "/frameBase/components/xng/xng",
        "user-info-authorizer": "/frameBase/components/user-info-authorizer/user-info-authorizer",
        "global-components": "/common/components/global-components/global-components",
        "xng-nav-bar": "/frameBase/Component/XngNavBar/XngNavBar/"
    }
}