{
    "backgroundColor": "#ffffff",
    "backgroundTextStyle": "dark",
    "navigationBarTitleText": "年终总结",
    "navigationBarTextStyle": "black",
    "navigationBarBackgroundColor": "#ffffff",
    "onReachBottomDistance": 100,
    "usingComponents": {
        "music-player": "./music-player/music-player",
        "swipe-up-guide": "./swipe-up-guide/swipe-up-guide",
        "commerce-bar": "./commerce-bar/commerce-bar",
        "custom-navigation-bar": "/frameBase/Component/CustomNavigationBar/CustomNavigationBar/",
        "xng": "/frameBase/components/xng/xng",
        "user-info-authorizer": "/frameBase/components/user-info-authorizer/user-info-authorizer",
        "global-components": "/common/components/global-components/global-components",
        "xng-nav-bar": "/frameBase/Component/XngNavBar/XngNavBar/"
    }
}