{
    "navigationBarTitleText": "小年糕+",
    "navigationBarBackgroundColor": "#000000",
    "navigationBarTextStyle": "white",
    "usingComponents": {
        "modify-nav-bar-view": "/pages/produce/editAlbumPage/components/modifyNavBarView/modifyNavBarView/",
        "tab-bar-view": "/pages/produce/editAlbumPage/components/tabBarView/tabBarView/",
        "grid-view": "/pages/produce/editAlbumPage/components/gridView/gridView/",
        "tpl-view": "/pages/produce/editAlbumPage/components/tplView/tplView/",
        "subtitle-view": "/pages/produce/editAlbumPage/components/subtitleView/subtitleView/",
        "modify-tip-bar-view": "/pages/produce/editAlbumPage/components/modifyTipBarView/modifyTipBarView/",
        "custom-navigation-bar": "/frameBase/Component/CustomNavigationBar/CustomNavigationBar/",
        "xng": "/frameBase/components/xng/xng",
        "user-info-authorizer": "/frameBase/components/user-info-authorizer/user-info-authorizer",
        "global-components": "/common/components/global-components/global-components",
        "xng-nav-bar": "/frameBase/Component/XngNavBar/XngNavBar/"
    },
    "backgroundColor": "#000000",
    "disableScroll": true
}